-- phpMyAdmin SQL Dump
-- version 4.5.1
-- http://www.phpmyadmin.net
--
-- Host: 127.0.0.1
-- Erstellungszeit: 02. Sep 2016 um 20:10
-- Server-Version: 10.1.13-MariaDB
-- PHP-Version: 7.0.8

SET SQL_MODE = "NO_AUTO_VALUE_ON_ZERO";
SET time_zone = "+00:00";


/*!40101 SET @OLD_CHARACTER_SET_CLIENT=@@CHARACTER_SET_CLIENT */;
/*!40101 SET @OLD_CHARACTER_SET_RESULTS=@@CHARACTER_SET_RESULTS */;
/*!40101 SET @OLD_COLLATION_CONNECTION=@@COLLATION_CONNECTION */;
/*!40101 SET NAMES utf8mb4 */;

--
-- Datenbank: `parent_teacher_meeting`
--

USE `parent_teacher_meeting`;

--
-- Daten für Tabelle `user`
--

INSERT INTO `user` (`id`, `userName`, `passwordHash`, `firstName`, `lastName`, `class`, `role`) VALUES
(2, 'ottonormal', '2dc25f4be909407ebe1e7dffe50ec74418fa2615', 'Otto', 'Normalverbraucher', '1C', 'teacher'),
(3, 'johnny456', '13343f16a475f7b2fd435ce1d6bd03b67cdb8b90', 'John', 'Doe', '2E', 'teacher'),
(4, 'mustermax', '016c3815288d381393e5b054b24a5abc2f149a75', 'Max', 'Mustermann', NULL, 'teacher'),
(5, 'perezjuan', '65d2348759a9e8fce922e7cf04793886e484a437', 'Juan', 'Pérez', '7A', 'teacher'),
(6, 'petpet85', 'a9322692330659e46be5ad710bf870c2767209f8', 'Petar', 'Petrovic', '3B', 'teacher'),
(7, 'johnny123', 'd50a30d29ec67b9ef4ba8d1e7153267d91673ce9', 'John', 'Smith', NULL, 'teacher'),
(8, 'jaeger11', '092933d1088795adf747a87abc3c224dc8dd5985', 'Johann', 'Jäger', '8A', 'teacher'),
(9, 'albang922', 'd69d5f0c0a0de708e10d6c4f50a814180c9b3cc2', 'Angelika', 'Albers', '8B', 'student'),
(10, 'baecker1', '7b75699afebb5808fb7b714fff5ab98767a08ee1', 'Britta', 'Bäcker', '1D', 'student'),
(11, 'corcha311', 'a60192b510ad82512165f97ebf62804da29eeaff', 'Charlotte', 'Correns', '1C', 'student'),
(12, 'decden782', '0bb8647f617f2088e1140f8fcc6a257d90279707', 'Dennis', 'Decker', '8A', 'student'),
(13, 'elleri251', 'fb4747a8fb75abb45a16fdf8a7b326ba392fb0b3', 'Eric', 'Ellinger', '4A', 'student'),
(14, 'fuefra205', 'e2c425778a15a45d9e87f9404dce1a5c8dea2b7c', 'Franziska', 'Fürst', '6A', 'student'),
(15, 'gosgue978', 'd05caf679f696d0f8e85187a7913f5286dfd2b5d', 'Günther', 'Gosse', '1A', 'student'),
(16, 'hoehen625', '362fc36407abf8fd9183fbed9b54f80844c9bfd0', 'Henrik', 'Höcker', '7B', 'student'),
(17, 'ivaing999', 'a540b2f1de63bc3cb23dcd1c6914695b0d32d13f', 'Inge', 'Ivanovic', '2B', 'student'),
(18, 'jarjoe325', 'f41d4c16b8e7be984fd04bc1f7f2ad26662809b8', 'Jörn-Philipp', 'Jarre', '5B', 'student'),
(19, 'krikat175', '119a99004b1fce43e58e1fd6931613b8bb72cc71', 'Katharina', 'Krieger', '4B', 'student'),
(20, 'lamlor741', '5670cc0e5ed459b7f3984d875c9620b5a93cc68a', 'Lore', 'Lambert', '7A', 'student'),
(21, 'moemar615', 'dd3ba15534c904d12ff28146909500da245d861c', 'Martin', 'Möhring', '6A', 'student'),
(22, 'nuenil157', '4569111adb2f0590b25292eaed703a0c9e7fe0a5', 'Nils', 'Nüßlein', '2C', 'student'),
(23, 'oppermann1', '4c52a6496828ae76049e7116278488a2d74aeaec', 'Olga', 'Oppermann', '1B', 'student'),
(24, 'perpet378', '6a0bc52a0009ea71ba5cceadf4d3b17561b18ff6', 'Peter', 'Perreault', '3B', 'student'),
(25, 'quique907', '9c1d72891df67c8855f0fcc4201bd1284d41a5bd', 'Quentin', 'Quinlan', '8C', 'student'),
(26, 'ritren674', '128ae9a52f859488aef0098f13fd7a2d898038a0', 'Rene', 'Ritter', '5A', 'student'),
(27, 'spesab376', '99889610c5de2b7b242f27193312afa43e37d85c', 'Sabine', 'Spengler', '2A', 'student'),
(28, 'tewtor461', '274861ed1af8b30290e9487fa1ae8c31b37619e4', 'Torsten', 'Tewes', '6B', 'student'),
(29, 'uebull897', '0e0d8ad5304de21e1b8c26cefe6ffb57c128988c', 'Ullrich', 'Übleis', '4C', 'student'),
(30, 'vonvol950', '123b3087ee884546ee6be462bf5d28c44266c122', 'Volker', 'Von Kármán', '2D', 'student'),
(31, 'wilwal756', 'e8935e0e16f42b91cb44555d3dbd3e79399b1b0d', 'Waldemar', 'Willenberg', '3C', 'student'),
(32, 'xioxav200', 'f2ed3a9ba4b283c2a5217d0e04a1c0cdfb7ec537', 'Xavier', 'Xiong', '3A', 'student'),
(33, 'yagyvo487', '81643099631221708e89ef0787cb2e2153c89b1a', 'Yvonne', 'Yago', '7B', 'student'),
(34, 'zaczel320', '9f91c23ba5869f68321192f6b0b48aa81844e067', 'Zelma', 'Zachmann', '5A', 'student');

--
-- Daten für Tabelle `accessdata`
--

INSERT INTO `accessdata` (`id`, `userName`, `password`) VALUES
(1, 'albang922', 'EAn.HZ=iB1'),
(2, 'baecker1', 'password1'),
(3, 'corcha311', '8#P1m6Au9e'),
(4, 'decden782', 'FQLH9xu?n2'),
(5, 'elleri251', 'c.@Gv85uD6'),
(6, 'fuefra205', 'JdV34-!xce'),
(7, 'gosgue978', '1uEPvgMHkc'),
(8, 'hoehen625', 'L%*FjPb1Xv'),
(9, 'ivaing999', 'rES,=-Yj9C'),
(10, 'jarjoe325', 'f32K)!(mYg'),
(11, 'krikat175', 'reNHfGZ=Ky'),
(12, 'lamlor741', 'UGLzXAg2f@'),
(13, 'moemar615', 'AKJa%dZQLR'),
(14, 'nuenil157', '-.nVQZ!7UR'),
(15, 'oppermann1', 'password2'),
(16, 'perpet378', '1N(XKR84T?'),
(17, 'quique907', 'E@dkWANeaY'),
(18, 'ritren674', '#!2AbKu@=s'),
(19, 'spesab376', 'exLo2PCg)6'),
(20, 'tewtor461', '7%mx_WA.JV'),
(21, 'uebull897', ')c8$dGwbk.'),
(22, 'vonvol950', '#76on&JAeX'),
(23, 'wilwal756', 'Z8mfU#YNhr'),
(24, 'xioxav200', ',465FM9!Td'),
(25, 'yagyvo487', 'qZ?L%nE3tR'),
(26, 'zaczel320', ')%q-$,PKVp');

--
-- Daten für Tabelle `event`
--

INSERT INTO `event` (`id`, `name`, `dateFrom`, `dateTo`, `slotTimeMin`, `isActive`) VALUES
(1, 'erster Elternsprechtag 2016/2017', 1478012400, 1478026800, 5, 1),
(2, 'zweiter Elternsprechtag 2016/2017', 1490965200, 1490979600, 5, 0);

--
-- Daten für Tabelle `log`
--

INSERT INTO `log` (`id`, `userId`, `action`, `info`, `date`) VALUES
(1, 1, 1, NULL, 1472839031),
(2, 1, 2, NULL, 1472839275),
(3, 10, 1, NULL, 1472839282),
(4, 10, 3, '{"eventId":"1","slotId":"50"}', 1472839291),
(5, 10, 3, '{"eventId":"1","slotId":"100"}', 1472839294),
(6, 10, 3, '{"eventId":"1","slotId":"200"}', 1472839296),
(7, 10, 3, '{"eventId":"1","slotId":"250"}', 1472839299),
(8, 10, 3, '{"eventId":"1","slotId":"304"}', 1472839306),
(9, 10, 2, NULL, 1472839310),
(10, 31, 1, NULL, 1472839334),
(11, 31, 3, '{"eventId":"1","slotId":"2"}', 1472839345),
(12, 31, 3, '{"eventId":"1","slotId":"52"}', 1472839347),
(13, 31, 3, '{"eventId":"1","slotId":"104"}', 1472839354),
(14, 31, 3, '{"eventId":"1","slotId":"257"}', 1472839365),
(15, 31, 3, '{"eventId":"1","slotId":"204"}', 1472839398),
(16, 31, 2, NULL, 1472839414),
(17, 19, 1, NULL, 1472839421),
(18, 19, 3, '{"eventId":"1","slotId":"51"}', 1472839432),
(19, 19, 3, '{"eventId":"1","slotId":"261"}', 1472839447),
(20, 19, 3, '{"eventId":"1","slotId":"102"}', 1472839467),
(21, 19, 3, '{"eventId":"1","slotId":"153"}', 1472839483),
(22, 19, 2, NULL, 1472839493),
(23, 7, 1, NULL, 1472839518),
(24, 7, 2, NULL, 1472839567),
(25, 10, 1, NULL, 1472839591),
(26, 10, 2, NULL, 1472839628),
(27, 1, 1, NULL, 1472839630),
(28, 1, 2, NULL, 1472839736);

--
-- Daten für Tabelle `room`
--

INSERT INTO `room` (`id`, `roomNumber`, `name`, `teacherId`) VALUES
(1, 'A001', 'Konferenzzimmer', 2),
(2, 'B037', 'Turnhalle', 4),
(3, 'A001', 'Konferenzzimmer', 5),
(4, 'C024', '7B', 6),
(5, 'A065', '5A', 8);

--
-- Daten für Tabelle `slot`
--

INSERT INTO `slot` (`id`, `eventId`, `teacherId`, `studentId`, `dateFrom`, `dateTo`, `type`, `available`) VALUES
(1, 1, 3, NULL, 1478012400, 1478012700, 1, 1),
(2, 1, 3, 31, 1478012700, 1478013000, 1, 1),
(3, 1, 3, NULL, 1478013000, 1478013300, 1, 1),
(4, 1, 3, NULL, 1478013300, 1478013600, 1, 1),
(5, 1, 3, NULL, 1478013600, 1478013900, 1, 1),
(6, 1, 3, NULL, 1478013900, 1478014200, 1, 1),
(7, 1, 3, NULL, 1478014200, 1478014500, 2, 1),
(8, 1, 3, NULL, 1478014500, 1478014800, 1, 1),
(9, 1, 3, NULL, 1478014800, 1478015100, 1, 1),
(10, 1, 3, NULL, 1478015100, 1478015400, 1, 1),
(11, 1, 3, NULL, 1478015400, 1478015700, 1, 1),
(12, 1, 3, NULL, 1478015700, 1478016000, 1, 1),
(13, 1, 3, NULL, 1478016000, 1478016300, 2, 1),
(14, 1, 3, NULL, 1478016300, 1478016600, 1, 1),
(15, 1, 3, NULL, 1478016600, 1478016900, 1, 1),
(16, 1, 3, NULL, 1478016900, 1478017200, 1, 1),
(17, 1, 3, NULL, 1478017200, 1478017500, 1, 1),
(18, 1, 3, NULL, 1478017500, 1478017800, 1, 1),
(19, 1, 3, NULL, 1478017800, 1478018100, 2, 1),
(20, 1, 3, NULL, 1478018100, 1478018400, 1, 1),
(21, 1, 3, NULL, 1478018400, 1478018700, 1, 1),
(22, 1, 3, NULL, 1478018700, 1478019000, 1, 1),
(23, 1, 3, NULL, 1478019000, 1478019300, 1, 1),
(24, 1, 3, NULL, 1478019300, 1478019600, 1, 1),
(25, 1, 3, NULL, 1478019600, 1478019900, 2, 1),
(26, 1, 3, NULL, 1478019900, 1478020200, 1, 1),
(27, 1, 3, NULL, 1478020200, 1478020500, 1, 1),
(28, 1, 3, NULL, 1478020500, 1478020800, 1, 1),
(29, 1, 3, NULL, 1478020800, 1478021100, 1, 1),
(30, 1, 3, NULL, 1478021100, 1478021400, 1, 1),
(31, 1, 3, NULL, 1478021400, 1478021700, 2, 1),
(32, 1, 3, NULL, 1478021700, 1478022000, 1, 1),
(33, 1, 3, NULL, 1478022000, 1478022300, 1, 1),
(34, 1, 3, NULL, 1478022300, 1478022600, 1, 1),
(35, 1, 3, NULL, 1478022600, 1478022900, 1, 1),
(36, 1, 3, NULL, 1478022900, 1478023200, 1, 1),
(37, 1, 3, NULL, 1478023200, 1478023500, 2, 1),
(38, 1, 3, NULL, 1478023500, 1478023800, 1, 1),
(39, 1, 3, NULL, 1478023800, 1478024100, 1, 1),
(40, 1, 3, NULL, 1478024100, 1478024400, 1, 1),
(41, 1, 3, NULL, 1478024400, 1478024700, 1, 1),
(42, 1, 3, NULL, 1478024700, 1478025000, 1, 1),
(43, 1, 3, NULL, 1478025000, 1478025300, 2, 1),
(44, 1, 3, NULL, 1478025300, 1478025600, 1, 1),
(45, 1, 3, NULL, 1478025600, 1478025900, 1, 1),
(46, 1, 3, NULL, 1478025900, 1478026200, 1, 1),
(47, 1, 3, NULL, 1478026200, 1478026500, 1, 1),
(48, 1, 3, NULL, 1478026500, 1478026800, 1, 1),
(49, 1, 8, NULL, 1478012400, 1478012700, 1, 1),
(50, 1, 8, 10, 1478012700, 1478013000, 1, 1),
(51, 1, 8, 19, 1478013000, 1478013300, 1, 1),
(52, 1, 8, 31, 1478013300, 1478013600, 1, 1),
(53, 1, 8, NULL, 1478013600, 1478013900, 1, 1),
(54, 1, 8, NULL, 1478013900, 1478014200, 1, 1),
(55, 1, 8, NULL, 1478014200, 1478014500, 2, 1),
(56, 1, 8, NULL, 1478014500, 1478014800, 1, 1),
(57, 1, 8, NULL, 1478014800, 1478015100, 1, 1),
(58, 1, 8, NULL, 1478015100, 1478015400, 1, 1),
(59, 1, 8, NULL, 1478015400, 1478015700, 1, 1),
(60, 1, 8, NULL, 1478015700, 1478016000, 1, 1),
(61, 1, 8, NULL, 1478016000, 1478016300, 2, 1),
(62, 1, 8, NULL, 1478016300, 1478016600, 1, 1),
(63, 1, 8, NULL, 1478016600, 1478016900, 1, 1),
(64, 1, 8, NULL, 1478016900, 1478017200, 1, 1),
(65, 1, 8, NULL, 1478017200, 1478017500, 1, 1),
(66, 1, 8, NULL, 1478017500, 1478017800, 1, 1),
(67, 1, 8, NULL, 1478017800, 1478018100, 2, 1),
(68, 1, 8, NULL, 1478018100, 1478018400, 1, 1),
(69, 1, 8, NULL, 1478018400, 1478018700, 1, 1),
(70, 1, 8, NULL, 1478018700, 1478019000, 1, 1),
(71, 1, 8, NULL, 1478019000, 1478019300, 1, 1),
(72, 1, 8, NULL, 1478019300, 1478019600, 1, 1),
(73, 1, 8, NULL, 1478019600, 1478019900, 2, 1),
(74, 1, 8, NULL, 1478019900, 1478020200, 1, 1),
(75, 1, 8, NULL, 1478020200, 1478020500, 1, 1),
(76, 1, 8, NULL, 1478020500, 1478020800, 1, 1),
(77, 1, 8, NULL, 1478020800, 1478021100, 1, 1),
(78, 1, 8, NULL, 1478021100, 1478021400, 1, 1),
(79, 1, 8, NULL, 1478021400, 1478021700, 2, 1),
(80, 1, 8, NULL, 1478021700, 1478022000, 1, 1),
(81, 1, 8, NULL, 1478022000, 1478022300, 1, 1),
(82, 1, 8, NULL, 1478022300, 1478022600, 1, 1),
(83, 1, 8, NULL, 1478022600, 1478022900, 1, 1),
(84, 1, 8, NULL, 1478022900, 1478023200, 1, 1),
(85, 1, 8, NULL, 1478023200, 1478023500, 2, 1),
(86, 1, 8, NULL, 1478023500, 1478023800, 1, 1),
(87, 1, 8, NULL, 1478023800, 1478024100, 1, 1),
(88, 1, 8, NULL, 1478024100, 1478024400, 1, 1),
(89, 1, 8, NULL, 1478024400, 1478024700, 1, 1),
(90, 1, 8, NULL, 1478024700, 1478025000, 1, 1),
(91, 1, 8, NULL, 1478025000, 1478025300, 2, 1),
(92, 1, 8, NULL, 1478025300, 1478025600, 1, 1),
(93, 1, 8, NULL, 1478025600, 1478025900, 1, 1),
(94, 1, 8, NULL, 1478025900, 1478026200, 1, 1),
(95, 1, 8, NULL, 1478026200, 1478026500, 1, 1),
(96, 1, 8, NULL, 1478026500, 1478026800, 1, 1),
(97, 1, 4, NULL, 1478012400, 1478012700, 1, 1),
(98, 1, 4, NULL, 1478012700, 1478013000, 1, 1),
(99, 1, 4, NULL, 1478013000, 1478013300, 1, 1),
(100, 1, 4, 10, 1478013300, 1478013600, 1, 1),
(101, 1, 4, NULL, 1478013600, 1478013900, 1, 1),
(102, 1, 4, 19, 1478013900, 1478014200, 1, 1),
(103, 1, 4, NULL, 1478014200, 1478014500, 2, 1),
(104, 1, 4, 31, 1478014500, 1478014800, 1, 1),
(105, 1, 4, NULL, 1478014800, 1478015100, 1, 1),
(106, 1, 4, NULL, 1478015100, 1478015400, 1, 1),
(107, 1, 4, NULL, 1478015400, 1478015700, 1, 1),
(108, 1, 4, NULL, 1478015700, 1478016000, 1, 1),
(109, 1, 4, NULL, 1478016000, 1478016300, 2, 1),
(110, 1, 4, NULL, 1478016300, 1478016600, 1, 1),
(111, 1, 4, NULL, 1478016600, 1478016900, 1, 1),
(112, 1, 4, NULL, 1478016900, 1478017200, 1, 1),
(113, 1, 4, NULL, 1478017200, 1478017500, 1, 1),
(114, 1, 4, NULL, 1478017500, 1478017800, 1, 1),
(115, 1, 4, NULL, 1478017800, 1478018100, 2, 1),
(116, 1, 4, NULL, 1478018100, 1478018400, 1, 1),
(117, 1, 4, NULL, 1478018400, 1478018700, 1, 1),
(118, 1, 4, NULL, 1478018700, 1478019000, 1, 1),
(119, 1, 4, NULL, 1478019000, 1478019300, 1, 1),
(120, 1, 4, NULL, 1478019300, 1478019600, 1, 1),
(121, 1, 4, NULL, 1478019600, 1478019900, 2, 1),
(122, 1, 4, NULL, 1478019900, 1478020200, 1, 1),
(123, 1, 4, NULL, 1478020200, 1478020500, 1, 1),
(124, 1, 4, NULL, 1478020500, 1478020800, 1, 1),
(125, 1, 4, NULL, 1478020800, 1478021100, 1, 1),
(126, 1, 4, NULL, 1478021100, 1478021400, 1, 1),
(127, 1, 4, NULL, 1478021400, 1478021700, 2, 1),
(128, 1, 4, NULL, 1478021700, 1478022000, 1, 1),
(129, 1, 4, NULL, 1478022000, 1478022300, 1, 1),
(130, 1, 4, NULL, 1478022300, 1478022600, 1, 1),
(131, 1, 4, NULL, 1478022600, 1478022900, 1, 1),
(132, 1, 4, NULL, 1478022900, 1478023200, 1, 1),
(133, 1, 4, NULL, 1478023200, 1478023500, 2, 1),
(134, 1, 4, NULL, 1478023500, 1478023800, 1, 1),
(135, 1, 4, NULL, 1478023800, 1478024100, 1, 1),
(136, 1, 4, NULL, 1478024100, 1478024400, 1, 1),
(137, 1, 4, NULL, 1478024400, 1478024700, 1, 1),
(138, 1, 4, NULL, 1478024700, 1478025000, 1, 1),
(139, 1, 4, NULL, 1478025000, 1478025300, 2, 1),
(140, 1, 4, NULL, 1478025300, 1478025600, 1, 1),
(141, 1, 4, NULL, 1478025600, 1478025900, 1, 1),
(142, 1, 4, NULL, 1478025900, 1478026200, 1, 1),
(143, 1, 4, NULL, 1478026200, 1478026500, 1, 1),
(144, 1, 4, NULL, 1478026500, 1478026800, 1, 1),
(145, 1, 2, NULL, 1478012400, 1478012700, 1, 1),
(146, 1, 2, NULL, 1478012700, 1478013000, 1, 1),
(147, 1, 2, NULL, 1478013000, 1478013300, 1, 1),
(148, 1, 2, NULL, 1478013300, 1478013600, 1, 1),
(149, 1, 2, NULL, 1478013600, 1478013900, 1, 1),
(150, 1, 2, NULL, 1478013900, 1478014200, 1, 1),
(151, 1, 2, NULL, 1478014200, 1478014500, 2, 1),
(152, 1, 2, NULL, 1478014500, 1478014800, 1, 1),
(153, 1, 2, 19, 1478014800, 1478015100, 1, 1),
(154, 1, 2, NULL, 1478015100, 1478015400, 1, 1),
(155, 1, 2, NULL, 1478015400, 1478015700, 1, 1),
(156, 1, 2, NULL, 1478015700, 1478016000, 1, 1),
(157, 1, 2, NULL, 1478016000, 1478016300, 2, 1),
(158, 1, 2, NULL, 1478016300, 1478016600, 1, 1),
(159, 1, 2, NULL, 1478016600, 1478016900, 1, 1),
(160, 1, 2, NULL, 1478016900, 1478017200, 1, 1),
(161, 1, 2, NULL, 1478017200, 1478017500, 1, 1),
(162, 1, 2, NULL, 1478017500, 1478017800, 1, 1),
(163, 1, 2, NULL, 1478017800, 1478018100, 2, 1),
(164, 1, 2, NULL, 1478018100, 1478018400, 1, 1),
(165, 1, 2, NULL, 1478018400, 1478018700, 1, 1),
(166, 1, 2, NULL, 1478018700, 1478019000, 1, 1),
(167, 1, 2, NULL, 1478019000, 1478019300, 1, 1),
(168, 1, 2, NULL, 1478019300, 1478019600, 1, 1),
(169, 1, 2, NULL, 1478019600, 1478019900, 2, 1),
(170, 1, 2, NULL, 1478019900, 1478020200, 1, 1),
(171, 1, 2, NULL, 1478020200, 1478020500, 1, 1),
(172, 1, 2, NULL, 1478020500, 1478020800, 1, 1),
(173, 1, 2, NULL, 1478020800, 1478021100, 1, 1),
(174, 1, 2, NULL, 1478021100, 1478021400, 1, 1),
(175, 1, 2, NULL, 1478021400, 1478021700, 2, 1),
(176, 1, 2, NULL, 1478021700, 1478022000, 1, 1),
(177, 1, 2, NULL, 1478022000, 1478022300, 1, 1),
(178, 1, 2, NULL, 1478022300, 1478022600, 1, 1),
(179, 1, 2, NULL, 1478022600, 1478022900, 1, 1),
(180, 1, 2, NULL, 1478022900, 1478023200, 1, 1),
(181, 1, 2, NULL, 1478023200, 1478023500, 2, 1),
(182, 1, 2, NULL, 1478023500, 1478023800, 1, 1),
(183, 1, 2, NULL, 1478023800, 1478024100, 1, 1),
(184, 1, 2, NULL, 1478024100, 1478024400, 1, 1),
(185, 1, 2, NULL, 1478024400, 1478024700, 1, 1),
(186, 1, 2, NULL, 1478024700, 1478025000, 1, 1),
(187, 1, 2, NULL, 1478025000, 1478025300, 2, 1),
(188, 1, 2, NULL, 1478025300, 1478025600, 1, 1),
(189, 1, 2, NULL, 1478025600, 1478025900, 1, 1),
(190, 1, 2, NULL, 1478025900, 1478026200, 1, 1),
(191, 1, 2, NULL, 1478026200, 1478026500, 1, 1),
(192, 1, 2, NULL, 1478026500, 1478026800, 1, 1),
(193, 1, 6, NULL, 1478012400, 1478012700, 1, 1),
(194, 1, 6, NULL, 1478012700, 1478013000, 1, 1),
(195, 1, 6, NULL, 1478013000, 1478013300, 1, 1),
(196, 1, 6, NULL, 1478013300, 1478013600, 1, 1),
(197, 1, 6, NULL, 1478013600, 1478013900, 1, 1),
(198, 1, 6, NULL, 1478013900, 1478014200, 1, 1),
(199, 1, 6, NULL, 1478014200, 1478014500, 2, 1),
(200, 1, 6, 10, 1478014500, 1478014800, 1, 1),
(201, 1, 6, NULL, 1478014800, 1478015100, 1, 1),
(202, 1, 6, NULL, 1478015100, 1478015400, 1, 1),
(203, 1, 6, NULL, 1478015400, 1478015700, 1, 1),
(204, 1, 6, 31, 1478015700, 1478016000, 1, 1),
(205, 1, 6, NULL, 1478016000, 1478016300, 2, 1),
(206, 1, 6, NULL, 1478016300, 1478016600, 1, 1),
(207, 1, 6, NULL, 1478016600, 1478016900, 1, 1),
(208, 1, 6, NULL, 1478016900, 1478017200, 1, 1),
(209, 1, 6, NULL, 1478017200, 1478017500, 1, 1),
(210, 1, 6, NULL, 1478017500, 1478017800, 1, 1),
(211, 1, 6, NULL, 1478017800, 1478018100, 2, 1),
(212, 1, 6, NULL, 1478018100, 1478018400, 1, 1),
(213, 1, 6, NULL, 1478018400, 1478018700, 1, 1),
(214, 1, 6, NULL, 1478018700, 1478019000, 1, 1),
(215, 1, 6, NULL, 1478019000, 1478019300, 1, 1),
(216, 1, 6, NULL, 1478019300, 1478019600, 1, 1),
(217, 1, 6, NULL, 1478019600, 1478019900, 2, 1),
(218, 1, 6, NULL, 1478019900, 1478020200, 1, 1),
(219, 1, 6, NULL, 1478020200, 1478020500, 1, 1),
(220, 1, 6, NULL, 1478020500, 1478020800, 1, 1),
(221, 1, 6, NULL, 1478020800, 1478021100, 1, 1),
(222, 1, 6, NULL, 1478021100, 1478021400, 1, 1),
(223, 1, 6, NULL, 1478021400, 1478021700, 2, 1),
(224, 1, 6, NULL, 1478021700, 1478022000, 1, 1),
(225, 1, 6, NULL, 1478022000, 1478022300, 1, 1),
(226, 1, 6, NULL, 1478022300, 1478022600, 1, 1),
(227, 1, 6, NULL, 1478022600, 1478022900, 1, 1),
(228, 1, 6, NULL, 1478022900, 1478023200, 1, 1),
(229, 1, 6, NULL, 1478023200, 1478023500, 2, 1),
(230, 1, 6, NULL, 1478023500, 1478023800, 1, 1),
(231, 1, 6, NULL, 1478023800, 1478024100, 1, 1),
(232, 1, 6, NULL, 1478024100, 1478024400, 1, 1),
(233, 1, 6, NULL, 1478024400, 1478024700, 1, 1),
(234, 1, 6, NULL, 1478024700, 1478025000, 1, 1),
(235, 1, 6, NULL, 1478025000, 1478025300, 2, 1),
(236, 1, 6, NULL, 1478025300, 1478025600, 1, 1),
(237, 1, 6, NULL, 1478025600, 1478025900, 1, 1),
(238, 1, 6, NULL, 1478025900, 1478026200, 1, 1),
(239, 1, 6, NULL, 1478026200, 1478026500, 1, 1),
(240, 1, 6, NULL, 1478026500, 1478026800, 1, 1),
(241, 1, 5, NULL, 1478012400, 1478012700, 1, 1),
(242, 1, 5, NULL, 1478012700, 1478013000, 1, 1),
(243, 1, 5, NULL, 1478013000, 1478013300, 1, 1),
(244, 1, 5, NULL, 1478013300, 1478013600, 1, 1),
(245, 1, 5, NULL, 1478013600, 1478013900, 1, 1),
(246, 1, 5, NULL, 1478013900, 1478014200, 1, 1),
(247, 1, 5, NULL, 1478014200, 1478014500, 2, 1),
(248, 1, 5, NULL, 1478014500, 1478014800, 1, 1),
(249, 1, 5, NULL, 1478014800, 1478015100, 1, 1),
(250, 1, 5, 10, 1478015100, 1478015400, 1, 1),
(251, 1, 5, NULL, 1478015400, 1478015700, 1, 1),
(252, 1, 5, NULL, 1478015700, 1478016000, 1, 1),
(253, 1, 5, NULL, 1478016000, 1478016300, 2, 1),
(254, 1, 5, NULL, 1478016300, 1478016600, 1, 1),
(255, 1, 5, NULL, 1478016600, 1478016900, 1, 1),
(256, 1, 5, NULL, 1478016900, 1478017200, 1, 1),
(257, 1, 5, 31, 1478017200, 1478017500, 1, 1),
(258, 1, 5, NULL, 1478017500, 1478017800, 1, 1),
(259, 1, 5, NULL, 1478017800, 1478018100, 2, 1),
(260, 1, 5, NULL, 1478018100, 1478018400, 1, 1),
(261, 1, 5, 19, 1478018400, 1478018700, 1, 1),
(262, 1, 5, NULL, 1478018700, 1478019000, 1, 1),
(263, 1, 5, NULL, 1478019000, 1478019300, 1, 1),
(264, 1, 5, NULL, 1478019300, 1478019600, 1, 1),
(265, 1, 5, NULL, 1478019600, 1478019900, 2, 1),
(266, 1, 5, NULL, 1478019900, 1478020200, 1, 1),
(267, 1, 5, NULL, 1478020200, 1478020500, 1, 1),
(268, 1, 5, NULL, 1478020500, 1478020800, 1, 1),
(269, 1, 5, NULL, 1478020800, 1478021100, 1, 1),
(270, 1, 5, NULL, 1478021100, 1478021400, 1, 1),
(271, 1, 5, NULL, 1478021400, 1478021700, 2, 1),
(272, 1, 5, NULL, 1478021700, 1478022000, 1, 1),
(273, 1, 5, NULL, 1478022000, 1478022300, 1, 1),
(274, 1, 5, NULL, 1478022300, 1478022600, 1, 1),
(275, 1, 5, NULL, 1478022600, 1478022900, 1, 1),
(276, 1, 5, NULL, 1478022900, 1478023200, 1, 1),
(277, 1, 5, NULL, 1478023200, 1478023500, 2, 1),
(278, 1, 5, NULL, 1478023500, 1478023800, 1, 1),
(279, 1, 5, NULL, 1478023800, 1478024100, 1, 1),
(280, 1, 5, NULL, 1478024100, 1478024400, 1, 1),
(281, 1, 5, NULL, 1478024400, 1478024700, 1, 1),
(282, 1, 5, NULL, 1478024700, 1478025000, 1, 1),
(283, 1, 5, NULL, 1478025000, 1478025300, 2, 1),
(284, 1, 5, NULL, 1478025300, 1478025600, 1, 1),
(285, 1, 5, NULL, 1478025600, 1478025900, 1, 1),
(286, 1, 5, NULL, 1478025900, 1478026200, 1, 1),
(287, 1, 5, NULL, 1478026200, 1478026500, 1, 1),
(288, 1, 5, NULL, 1478026500, 1478026800, 1, 1),
(289, 1, 7, NULL, 1478012400, 1478012700, 1, 1),
(290, 1, 7, NULL, 1478012700, 1478013000, 1, 1),
(291, 1, 7, NULL, 1478013000, 1478013300, 1, 1),
(292, 1, 7, NULL, 1478013300, 1478013600, 1, 1),
(293, 1, 7, NULL, 1478013600, 1478013900, 1, 1),
(294, 1, 7, NULL, 1478013900, 1478014200, 1, 1),
(295, 1, 7, NULL, 1478014200, 1478014500, 2, 1),
(296, 1, 7, NULL, 1478014500, 1478014800, 1, 1),
(297, 1, 7, NULL, 1478014800, 1478015100, 1, 1),
(298, 1, 7, NULL, 1478015100, 1478015400, 1, 1),
(299, 1, 7, NULL, 1478015400, 1478015700, 1, 1),
(300, 1, 7, NULL, 1478015700, 1478016000, 1, 1),
(301, 1, 7, NULL, 1478016000, 1478016300, 2, 1),
(302, 1, 7, NULL, 1478016300, 1478016600, 1, 1),
(303, 1, 7, NULL, 1478016600, 1478016900, 1, 1),
(304, 1, 7, 10, 1478016900, 1478017200, 1, 1),
(305, 1, 7, NULL, 1478017200, 1478017500, 1, 1),
(306, 1, 7, NULL, 1478017500, 1478017800, 1, 1),
(307, 1, 7, NULL, 1478017800, 1478018100, 2, 0),
(308, 1, 7, NULL, 1478018100, 1478018400, 1, 0),
(309, 1, 7, NULL, 1478018400, 1478018700, 1, 0),
(310, 1, 7, NULL, 1478018700, 1478019000, 1, 0),
(311, 1, 7, NULL, 1478019000, 1478019300, 1, 0),
(312, 1, 7, NULL, 1478019300, 1478019600, 1, 0),
(313, 1, 7, NULL, 1478019600, 1478019900, 2, 0),
(314, 1, 7, NULL, 1478019900, 1478020200, 1, 0),
(315, 1, 7, NULL, 1478020200, 1478020500, 1, 0),
(316, 1, 7, NULL, 1478020500, 1478020800, 1, 0),
(317, 1, 7, NULL, 1478020800, 1478021100, 1, 0),
(318, 1, 7, NULL, 1478021100, 1478021400, 1, 0),
(319, 1, 7, NULL, 1478021400, 1478021700, 2, 0),
(320, 1, 7, NULL, 1478021700, 1478022000, 1, 0),
(321, 1, 7, NULL, 1478022000, 1478022300, 1, 0),
(322, 1, 7, NULL, 1478022300, 1478022600, 1, 0),
(323, 1, 7, NULL, 1478022600, 1478022900, 1, 0),
(324, 1, 7, NULL, 1478022900, 1478023200, 1, 0),
(325, 1, 7, NULL, 1478023200, 1478023500, 2, 0),
(326, 1, 7, NULL, 1478023500, 1478023800, 1, 0),
(327, 1, 7, NULL, 1478023800, 1478024100, 1, 0),
(328, 1, 7, NULL, 1478024100, 1478024400, 1, 0),
(329, 1, 7, NULL, 1478024400, 1478024700, 1, 0),
(330, 1, 7, NULL, 1478024700, 1478025000, 1, 0),
(331, 1, 7, NULL, 1478025000, 1478025300, 2, 0),
(332, 1, 7, NULL, 1478025300, 1478025600, 1, 0),
(333, 1, 7, NULL, 1478025600, 1478025900, 1, 0),
(334, 1, 7, NULL, 1478025900, 1478026200, 1, 0),
(335, 1, 7, NULL, 1478026200, 1478026500, 1, 0),
(336, 1, 7, NULL, 1478026500, 1478026800, 1, 0),
(337, 2, 3, NULL, 1490965200, 1490965500, 1, 1),
(338, 2, 3, NULL, 1490965500, 1490965800, 1, 1),
(339, 2, 3, NULL, 1490965800, 1490966100, 1, 1),
(340, 2, 3, NULL, 1490966100, 1490966400, 1, 1),
(341, 2, 3, NULL, 1490966400, 1490966700, 1, 1),
(342, 2, 3, NULL, 1490966700, 1490967000, 1, 1),
(343, 2, 3, NULL, 1490967000, 1490967300, 2, 1),
(344, 2, 3, NULL, 1490967300, 1490967600, 1, 1),
(345, 2, 3, NULL, 1490967600, 1490967900, 1, 1),
(346, 2, 3, NULL, 1490967900, 1490968200, 1, 1),
(347, 2, 3, NULL, 1490968200, 1490968500, 1, 1),
(348, 2, 3, NULL, 1490968500, 1490968800, 1, 1),
(349, 2, 3, NULL, 1490968800, 1490969100, 2, 1),
(350, 2, 3, NULL, 1490969100, 1490969400, 1, 1),
(351, 2, 3, NULL, 1490969400, 1490969700, 1, 1),
(352, 2, 3, NULL, 1490969700, 1490970000, 1, 1),
(353, 2, 3, NULL, 1490970000, 1490970300, 1, 1),
(354, 2, 3, NULL, 1490970300, 1490970600, 1, 1),
(355, 2, 3, NULL, 1490970600, 1490970900, 2, 1),
(356, 2, 3, NULL, 1490970900, 1490971200, 1, 1),
(357, 2, 3, NULL, 1490971200, 1490971500, 1, 1),
(358, 2, 3, NULL, 1490971500, 1490971800, 1, 1),
(359, 2, 3, NULL, 1490971800, 1490972100, 1, 1),
(360, 2, 3, NULL, 1490972100, 1490972400, 1, 1),
(361, 2, 3, NULL, 1490972400, 1490972700, 2, 1),
(362, 2, 3, NULL, 1490972700, 1490973000, 1, 1),
(363, 2, 3, NULL, 1490973000, 1490973300, 1, 1),
(364, 2, 3, NULL, 1490973300, 1490973600, 1, 1),
(365, 2, 3, NULL, 1490973600, 1490973900, 1, 1),
(366, 2, 3, NULL, 1490973900, 1490974200, 1, 1),
(367, 2, 3, NULL, 1490974200, 1490974500, 2, 1),
(368, 2, 3, NULL, 1490974500, 1490974800, 1, 1),
(369, 2, 3, NULL, 1490974800, 1490975100, 1, 1),
(370, 2, 3, NULL, 1490975100, 1490975400, 1, 1),
(371, 2, 3, NULL, 1490975400, 1490975700, 1, 1),
(372, 2, 3, NULL, 1490975700, 1490976000, 1, 1),
(373, 2, 3, NULL, 1490976000, 1490976300, 2, 1),
(374, 2, 3, NULL, 1490976300, 1490976600, 1, 1),
(375, 2, 3, NULL, 1490976600, 1490976900, 1, 1),
(376, 2, 3, NULL, 1490976900, 1490977200, 1, 1),
(377, 2, 3, NULL, 1490977200, 1490977500, 1, 1),
(378, 2, 3, NULL, 1490977500, 1490977800, 1, 1),
(379, 2, 3, NULL, 1490977800, 1490978100, 2, 1),
(380, 2, 3, NULL, 1490978100, 1490978400, 1, 1),
(381, 2, 3, NULL, 1490978400, 1490978700, 1, 1),
(382, 2, 3, NULL, 1490978700, 1490979000, 1, 1),
(383, 2, 3, NULL, 1490979000, 1490979300, 1, 1),
(384, 2, 3, NULL, 1490979300, 1490979600, 1, 1),
(385, 2, 8, NULL, 1490965200, 1490965500, 1, 1),
(386, 2, 8, NULL, 1490965500, 1490965800, 1, 1),
(387, 2, 8, NULL, 1490965800, 1490966100, 1, 1),
(388, 2, 8, NULL, 1490966100, 1490966400, 1, 1),
(389, 2, 8, NULL, 1490966400, 1490966700, 1, 1),
(390, 2, 8, NULL, 1490966700, 1490967000, 1, 1),
(391, 2, 8, NULL, 1490967000, 1490967300, 2, 1),
(392, 2, 8, NULL, 1490967300, 1490967600, 1, 1),
(393, 2, 8, NULL, 1490967600, 1490967900, 1, 1),
(394, 2, 8, NULL, 1490967900, 1490968200, 1, 1),
(395, 2, 8, NULL, 1490968200, 1490968500, 1, 1),
(396, 2, 8, NULL, 1490968500, 1490968800, 1, 1),
(397, 2, 8, NULL, 1490968800, 1490969100, 2, 1),
(398, 2, 8, NULL, 1490969100, 1490969400, 1, 1),
(399, 2, 8, NULL, 1490969400, 1490969700, 1, 1),
(400, 2, 8, NULL, 1490969700, 1490970000, 1, 1),
(401, 2, 8, NULL, 1490970000, 1490970300, 1, 1),
(402, 2, 8, NULL, 1490970300, 1490970600, 1, 1),
(403, 2, 8, NULL, 1490970600, 1490970900, 2, 1),
(404, 2, 8, NULL, 1490970900, 1490971200, 1, 1),
(405, 2, 8, NULL, 1490971200, 1490971500, 1, 1),
(406, 2, 8, NULL, 1490971500, 1490971800, 1, 1),
(407, 2, 8, NULL, 1490971800, 1490972100, 1, 1),
(408, 2, 8, NULL, 1490972100, 1490972400, 1, 1),
(409, 2, 8, NULL, 1490972400, 1490972700, 2, 1),
(410, 2, 8, NULL, 1490972700, 1490973000, 1, 1),
(411, 2, 8, NULL, 1490973000, 1490973300, 1, 1),
(412, 2, 8, NULL, 1490973300, 1490973600, 1, 1),
(413, 2, 8, NULL, 1490973600, 1490973900, 1, 1),
(414, 2, 8, NULL, 1490973900, 1490974200, 1, 1),
(415, 2, 8, NULL, 1490974200, 1490974500, 2, 1),
(416, 2, 8, NULL, 1490974500, 1490974800, 1, 1),
(417, 2, 8, NULL, 1490974800, 1490975100, 1, 1),
(418, 2, 8, NULL, 1490975100, 1490975400, 1, 1),
(419, 2, 8, NULL, 1490975400, 1490975700, 1, 1),
(420, 2, 8, NULL, 1490975700, 1490976000, 1, 1),
(421, 2, 8, NULL, 1490976000, 1490976300, 2, 1),
(422, 2, 8, NULL, 1490976300, 1490976600, 1, 1),
(423, 2, 8, NULL, 1490976600, 1490976900, 1, 1),
(424, 2, 8, NULL, 1490976900, 1490977200, 1, 1),
(425, 2, 8, NULL, 1490977200, 1490977500, 1, 1),
(426, 2, 8, NULL, 1490977500, 1490977800, 1, 1),
(427, 2, 8, NULL, 1490977800, 1490978100, 2, 1),
(428, 2, 8, NULL, 1490978100, 1490978400, 1, 1),
(429, 2, 8, NULL, 1490978400, 1490978700, 1, 1),
(430, 2, 8, NULL, 1490978700, 1490979000, 1, 1),
(431, 2, 8, NULL, 1490979000, 1490979300, 1, 1),
(432, 2, 8, NULL, 1490979300, 1490979600, 1, 1),
(433, 2, 4, NULL, 1490965200, 1490965500, 1, 1),
(434, 2, 4, NULL, 1490965500, 1490965800, 1, 1),
(435, 2, 4, NULL, 1490965800, 1490966100, 1, 1),
(436, 2, 4, NULL, 1490966100, 1490966400, 1, 1),
(437, 2, 4, NULL, 1490966400, 1490966700, 1, 1),
(438, 2, 4, NULL, 1490966700, 1490967000, 1, 1),
(439, 2, 4, NULL, 1490967000, 1490967300, 2, 1),
(440, 2, 4, NULL, 1490967300, 1490967600, 1, 1),
(441, 2, 4, NULL, 1490967600, 1490967900, 1, 1),
(442, 2, 4, NULL, 1490967900, 1490968200, 1, 1),
(443, 2, 4, NULL, 1490968200, 1490968500, 1, 1),
(444, 2, 4, NULL, 1490968500, 1490968800, 1, 1),
(445, 2, 4, NULL, 1490968800, 1490969100, 2, 1),
(446, 2, 4, NULL, 1490969100, 1490969400, 1, 1),
(447, 2, 4, NULL, 1490969400, 1490969700, 1, 1),
(448, 2, 4, NULL, 1490969700, 1490970000, 1, 1),
(449, 2, 4, NULL, 1490970000, 1490970300, 1, 1),
(450, 2, 4, NULL, 1490970300, 1490970600, 1, 1),
(451, 2, 4, NULL, 1490970600, 1490970900, 2, 1),
(452, 2, 4, NULL, 1490970900, 1490971200, 1, 1),
(453, 2, 4, NULL, 1490971200, 1490971500, 1, 1),
(454, 2, 4, NULL, 1490971500, 1490971800, 1, 1),
(455, 2, 4, NULL, 1490971800, 1490972100, 1, 1),
(456, 2, 4, NULL, 1490972100, 1490972400, 1, 1),
(457, 2, 4, NULL, 1490972400, 1490972700, 2, 1),
(458, 2, 4, NULL, 1490972700, 1490973000, 1, 1),
(459, 2, 4, NULL, 1490973000, 1490973300, 1, 1),
(460, 2, 4, NULL, 1490973300, 1490973600, 1, 1),
(461, 2, 4, NULL, 1490973600, 1490973900, 1, 1),
(462, 2, 4, NULL, 1490973900, 1490974200, 1, 1),
(463, 2, 4, NULL, 1490974200, 1490974500, 2, 1),
(464, 2, 4, NULL, 1490974500, 1490974800, 1, 1),
(465, 2, 4, NULL, 1490974800, 1490975100, 1, 1),
(466, 2, 4, NULL, 1490975100, 1490975400, 1, 1),
(467, 2, 4, NULL, 1490975400, 1490975700, 1, 1),
(468, 2, 4, NULL, 1490975700, 1490976000, 1, 1),
(469, 2, 4, NULL, 1490976000, 1490976300, 2, 1),
(470, 2, 4, NULL, 1490976300, 1490976600, 1, 1),
(471, 2, 4, NULL, 1490976600, 1490976900, 1, 1),
(472, 2, 4, NULL, 1490976900, 1490977200, 1, 1),
(473, 2, 4, NULL, 1490977200, 1490977500, 1, 1),
(474, 2, 4, NULL, 1490977500, 1490977800, 1, 1),
(475, 2, 4, NULL, 1490977800, 1490978100, 2, 1),
(476, 2, 4, NULL, 1490978100, 1490978400, 1, 1),
(477, 2, 4, NULL, 1490978400, 1490978700, 1, 1),
(478, 2, 4, NULL, 1490978700, 1490979000, 1, 1),
(479, 2, 4, NULL, 1490979000, 1490979300, 1, 1),
(480, 2, 4, NULL, 1490979300, 1490979600, 1, 1),
(481, 2, 2, NULL, 1490965200, 1490965500, 1, 1),
(482, 2, 2, NULL, 1490965500, 1490965800, 1, 1),
(483, 2, 2, NULL, 1490965800, 1490966100, 1, 1),
(484, 2, 2, NULL, 1490966100, 1490966400, 1, 1),
(485, 2, 2, NULL, 1490966400, 1490966700, 1, 1),
(486, 2, 2, NULL, 1490966700, 1490967000, 1, 1),
(487, 2, 2, NULL, 1490967000, 1490967300, 2, 1),
(488, 2, 2, NULL, 1490967300, 1490967600, 1, 1),
(489, 2, 2, NULL, 1490967600, 1490967900, 1, 1),
(490, 2, 2, NULL, 1490967900, 1490968200, 1, 1),
(491, 2, 2, NULL, 1490968200, 1490968500, 1, 1),
(492, 2, 2, NULL, 1490968500, 1490968800, 1, 1),
(493, 2, 2, NULL, 1490968800, 1490969100, 2, 1),
(494, 2, 2, NULL, 1490969100, 1490969400, 1, 1),
(495, 2, 2, NULL, 1490969400, 1490969700, 1, 1),
(496, 2, 2, NULL, 1490969700, 1490970000, 1, 1),
(497, 2, 2, NULL, 1490970000, 1490970300, 1, 1),
(498, 2, 2, NULL, 1490970300, 1490970600, 1, 1),
(499, 2, 2, NULL, 1490970600, 1490970900, 2, 1),
(500, 2, 2, NULL, 1490970900, 1490971200, 1, 1),
(501, 2, 2, NULL, 1490971200, 1490971500, 1, 1),
(502, 2, 2, NULL, 1490971500, 1490971800, 1, 1),
(503, 2, 2, NULL, 1490971800, 1490972100, 1, 1),
(504, 2, 2, NULL, 1490972100, 1490972400, 1, 1),
(505, 2, 2, NULL, 1490972400, 1490972700, 2, 1),
(506, 2, 2, NULL, 1490972700, 1490973000, 1, 1),
(507, 2, 2, NULL, 1490973000, 1490973300, 1, 1),
(508, 2, 2, NULL, 1490973300, 1490973600, 1, 1),
(509, 2, 2, NULL, 1490973600, 1490973900, 1, 1),
(510, 2, 2, NULL, 1490973900, 1490974200, 1, 1),
(511, 2, 2, NULL, 1490974200, 1490974500, 2, 1),
(512, 2, 2, NULL, 1490974500, 1490974800, 1, 1),
(513, 2, 2, NULL, 1490974800, 1490975100, 1, 1),
(514, 2, 2, NULL, 1490975100, 1490975400, 1, 1),
(515, 2, 2, NULL, 1490975400, 1490975700, 1, 1),
(516, 2, 2, NULL, 1490975700, 1490976000, 1, 1),
(517, 2, 2, NULL, 1490976000, 1490976300, 2, 1),
(518, 2, 2, NULL, 1490976300, 1490976600, 1, 1),
(519, 2, 2, NULL, 1490976600, 1490976900, 1, 1),
(520, 2, 2, NULL, 1490976900, 1490977200, 1, 1),
(521, 2, 2, NULL, 1490977200, 1490977500, 1, 1),
(522, 2, 2, NULL, 1490977500, 1490977800, 1, 1),
(523, 2, 2, NULL, 1490977800, 1490978100, 2, 1),
(524, 2, 2, NULL, 1490978100, 1490978400, 1, 1),
(525, 2, 2, NULL, 1490978400, 1490978700, 1, 1),
(526, 2, 2, NULL, 1490978700, 1490979000, 1, 1),
(527, 2, 2, NULL, 1490979000, 1490979300, 1, 1),
(528, 2, 2, NULL, 1490979300, 1490979600, 1, 1),
(529, 2, 6, NULL, 1490965200, 1490965500, 1, 1),
(530, 2, 6, NULL, 1490965500, 1490965800, 1, 1),
(531, 2, 6, NULL, 1490965800, 1490966100, 1, 1),
(532, 2, 6, NULL, 1490966100, 1490966400, 1, 1),
(533, 2, 6, NULL, 1490966400, 1490966700, 1, 1),
(534, 2, 6, NULL, 1490966700, 1490967000, 1, 1),
(535, 2, 6, NULL, 1490967000, 1490967300, 2, 1),
(536, 2, 6, NULL, 1490967300, 1490967600, 1, 1),
(537, 2, 6, NULL, 1490967600, 1490967900, 1, 1),
(538, 2, 6, NULL, 1490967900, 1490968200, 1, 1),
(539, 2, 6, NULL, 1490968200, 1490968500, 1, 1),
(540, 2, 6, NULL, 1490968500, 1490968800, 1, 1),
(541, 2, 6, NULL, 1490968800, 1490969100, 2, 1),
(542, 2, 6, NULL, 1490969100, 1490969400, 1, 1),
(543, 2, 6, NULL, 1490969400, 1490969700, 1, 1),
(544, 2, 6, NULL, 1490969700, 1490970000, 1, 1),
(545, 2, 6, NULL, 1490970000, 1490970300, 1, 1),
(546, 2, 6, NULL, 1490970300, 1490970600, 1, 1),
(547, 2, 6, NULL, 1490970600, 1490970900, 2, 1),
(548, 2, 6, NULL, 1490970900, 1490971200, 1, 1),
(549, 2, 6, NULL, 1490971200, 1490971500, 1, 1),
(550, 2, 6, NULL, 1490971500, 1490971800, 1, 1),
(551, 2, 6, NULL, 1490971800, 1490972100, 1, 1),
(552, 2, 6, NULL, 1490972100, 1490972400, 1, 1),
(553, 2, 6, NULL, 1490972400, 1490972700, 2, 1),
(554, 2, 6, NULL, 1490972700, 1490973000, 1, 1),
(555, 2, 6, NULL, 1490973000, 1490973300, 1, 1),
(556, 2, 6, NULL, 1490973300, 1490973600, 1, 1),
(557, 2, 6, NULL, 1490973600, 1490973900, 1, 1),
(558, 2, 6, NULL, 1490973900, 1490974200, 1, 1),
(559, 2, 6, NULL, 1490974200, 1490974500, 2, 1),
(560, 2, 6, NULL, 1490974500, 1490974800, 1, 1),
(561, 2, 6, NULL, 1490974800, 1490975100, 1, 1),
(562, 2, 6, NULL, 1490975100, 1490975400, 1, 1),
(563, 2, 6, NULL, 1490975400, 1490975700, 1, 1),
(564, 2, 6, NULL, 1490975700, 1490976000, 1, 1),
(565, 2, 6, NULL, 1490976000, 1490976300, 2, 1),
(566, 2, 6, NULL, 1490976300, 1490976600, 1, 1),
(567, 2, 6, NULL, 1490976600, 1490976900, 1, 1),
(568, 2, 6, NULL, 1490976900, 1490977200, 1, 1),
(569, 2, 6, NULL, 1490977200, 1490977500, 1, 1),
(570, 2, 6, NULL, 1490977500, 1490977800, 1, 1),
(571, 2, 6, NULL, 1490977800, 1490978100, 2, 1),
(572, 2, 6, NULL, 1490978100, 1490978400, 1, 1),
(573, 2, 6, NULL, 1490978400, 1490978700, 1, 1),
(574, 2, 6, NULL, 1490978700, 1490979000, 1, 1),
(575, 2, 6, NULL, 1490979000, 1490979300, 1, 1),
(576, 2, 6, NULL, 1490979300, 1490979600, 1, 1),
(577, 2, 5, NULL, 1490965200, 1490965500, 1, 1),
(578, 2, 5, NULL, 1490965500, 1490965800, 1, 1),
(579, 2, 5, NULL, 1490965800, 1490966100, 1, 1),
(580, 2, 5, NULL, 1490966100, 1490966400, 1, 1),
(581, 2, 5, NULL, 1490966400, 1490966700, 1, 1),
(582, 2, 5, NULL, 1490966700, 1490967000, 1, 1),
(583, 2, 5, NULL, 1490967000, 1490967300, 2, 1),
(584, 2, 5, NULL, 1490967300, 1490967600, 1, 1),
(585, 2, 5, NULL, 1490967600, 1490967900, 1, 1),
(586, 2, 5, NULL, 1490967900, 1490968200, 1, 1),
(587, 2, 5, NULL, 1490968200, 1490968500, 1, 1),
(588, 2, 5, NULL, 1490968500, 1490968800, 1, 1),
(589, 2, 5, NULL, 1490968800, 1490969100, 2, 1),
(590, 2, 5, NULL, 1490969100, 1490969400, 1, 1),
(591, 2, 5, NULL, 1490969400, 1490969700, 1, 1),
(592, 2, 5, NULL, 1490969700, 1490970000, 1, 1),
(593, 2, 5, NULL, 1490970000, 1490970300, 1, 1),
(594, 2, 5, NULL, 1490970300, 1490970600, 1, 1),
(595, 2, 5, NULL, 1490970600, 1490970900, 2, 1),
(596, 2, 5, NULL, 1490970900, 1490971200, 1, 1),
(597, 2, 5, NULL, 1490971200, 1490971500, 1, 1),
(598, 2, 5, NULL, 1490971500, 1490971800, 1, 1),
(599, 2, 5, NULL, 1490971800, 1490972100, 1, 1),
(600, 2, 5, NULL, 1490972100, 1490972400, 1, 1),
(601, 2, 5, NULL, 1490972400, 1490972700, 2, 1),
(602, 2, 5, NULL, 1490972700, 1490973000, 1, 1),
(603, 2, 5, NULL, 1490973000, 1490973300, 1, 1),
(604, 2, 5, NULL, 1490973300, 1490973600, 1, 1),
(605, 2, 5, NULL, 1490973600, 1490973900, 1, 1),
(606, 2, 5, NULL, 1490973900, 1490974200, 1, 1),
(607, 2, 5, NULL, 1490974200, 1490974500, 2, 1),
(608, 2, 5, NULL, 1490974500, 1490974800, 1, 1),
(609, 2, 5, NULL, 1490974800, 1490975100, 1, 1),
(610, 2, 5, NULL, 1490975100, 1490975400, 1, 1),
(611, 2, 5, NULL, 1490975400, 1490975700, 1, 1),
(612, 2, 5, NULL, 1490975700, 1490976000, 1, 1),
(613, 2, 5, NULL, 1490976000, 1490976300, 2, 1),
(614, 2, 5, NULL, 1490976300, 1490976600, 1, 1),
(615, 2, 5, NULL, 1490976600, 1490976900, 1, 1),
(616, 2, 5, NULL, 1490976900, 1490977200, 1, 1),
(617, 2, 5, NULL, 1490977200, 1490977500, 1, 1),
(618, 2, 5, NULL, 1490977500, 1490977800, 1, 1),
(619, 2, 5, NULL, 1490977800, 1490978100, 2, 1),
(620, 2, 5, NULL, 1490978100, 1490978400, 1, 1),
(621, 2, 5, NULL, 1490978400, 1490978700, 1, 1),
(622, 2, 5, NULL, 1490978700, 1490979000, 1, 1),
(623, 2, 5, NULL, 1490979000, 1490979300, 1, 1),
(624, 2, 5, NULL, 1490979300, 1490979600, 1, 1),
(625, 2, 7, NULL, 1490965200, 1490965500, 1, 1),
(626, 2, 7, NULL, 1490965500, 1490965800, 1, 1),
(627, 2, 7, NULL, 1490965800, 1490966100, 1, 1),
(628, 2, 7, NULL, 1490966100, 1490966400, 1, 1),
(629, 2, 7, NULL, 1490966400, 1490966700, 1, 1),
(630, 2, 7, NULL, 1490966700, 1490967000, 1, 1),
(631, 2, 7, NULL, 1490967000, 1490967300, 2, 1),
(632, 2, 7, NULL, 1490967300, 1490967600, 1, 1),
(633, 2, 7, NULL, 1490967600, 1490967900, 1, 1),
(634, 2, 7, NULL, 1490967900, 1490968200, 1, 1),
(635, 2, 7, NULL, 1490968200, 1490968500, 1, 1),
(636, 2, 7, NULL, 1490968500, 1490968800, 1, 1),
(637, 2, 7, NULL, 1490968800, 1490969100, 2, 1),
(638, 2, 7, NULL, 1490969100, 1490969400, 1, 1),
(639, 2, 7, NULL, 1490969400, 1490969700, 1, 1),
(640, 2, 7, NULL, 1490969700, 1490970000, 1, 1),
(641, 2, 7, NULL, 1490970000, 1490970300, 1, 1),
(642, 2, 7, NULL, 1490970300, 1490970600, 1, 1),
(643, 2, 7, NULL, 1490970600, 1490970900, 2, 1),
(644, 2, 7, NULL, 1490970900, 1490971200, 1, 1),
(645, 2, 7, NULL, 1490971200, 1490971500, 1, 1),
(646, 2, 7, NULL, 1490971500, 1490971800, 1, 1),
(647, 2, 7, NULL, 1490971800, 1490972100, 1, 1),
(648, 2, 7, NULL, 1490972100, 1490972400, 1, 1),
(649, 2, 7, NULL, 1490972400, 1490972700, 2, 1),
(650, 2, 7, NULL, 1490972700, 1490973000, 1, 1),
(651, 2, 7, NULL, 1490973000, 1490973300, 1, 1),
(652, 2, 7, NULL, 1490973300, 1490973600, 1, 1),
(653, 2, 7, NULL, 1490973600, 1490973900, 1, 1),
(654, 2, 7, NULL, 1490973900, 1490974200, 1, 1),
(655, 2, 7, NULL, 1490974200, 1490974500, 2, 1),
(656, 2, 7, NULL, 1490974500, 1490974800, 1, 1),
(657, 2, 7, NULL, 1490974800, 1490975100, 1, 1),
(658, 2, 7, NULL, 1490975100, 1490975400, 1, 1),
(659, 2, 7, NULL, 1490975400, 1490975700, 1, 1),
(660, 2, 7, NULL, 1490975700, 1490976000, 1, 1),
(661, 2, 7, NULL, 1490976000, 1490976300, 2, 1),
(662, 2, 7, NULL, 1490976300, 1490976600, 1, 1),
(663, 2, 7, NULL, 1490976600, 1490976900, 1, 1),
(664, 2, 7, NULL, 1490976900, 1490977200, 1, 1),
(665, 2, 7, NULL, 1490977200, 1490977500, 1, 1),
(666, 2, 7, NULL, 1490977500, 1490977800, 1, 1),
(667, 2, 7, NULL, 1490977800, 1490978100, 2, 1),
(668, 2, 7, NULL, 1490978100, 1490978400, 1, 1),
(669, 2, 7, NULL, 1490978400, 1490978700, 1, 1),
(670, 2, 7, NULL, 1490978700, 1490979000, 1, 1),
(671, 2, 7, NULL, 1490979000, 1490979300, 1, 1),
(672, 2, 7, NULL, 1490979300, 1490979600, 1, 1);

/*!40101 SET CHARACTER_SET_CLIENT=@OLD_CHARACTER_SET_CLIENT */;
/*!40101 SET CHARACTER_SET_RESULTS=@OLD_CHARACTER_SET_RESULTS */;
/*!40101 SET COLLATION_CONNECTION=@OLD_COLLATION_CONNECTION */;
